<?xml version="1.0" encoding="UTF-8"?>
<project-private xmlns="http://www.netbeans.org/ns/project-private/1">
    <editor-bookmarks xmlns="http://www.netbeans.org/ns/editor-bookmarks/2" lastBookmarkId="0"/>
    <open-files xmlns="http://www.netbeans.org/ns/projectui-open-files/2">
        <group>
            <file>file:/D:/Java/SMS/src/Home.java</file>
            <file>file:/D:/Java/SMS/src/manageStudent.java</file>
            <file>file:/D:/Java/SMS/src/classResult.java</file>
            <file>file:/D:/Java/SMS/src/resultFrame.java</file>
            <file>file:/D:/Java/SMS/src/studentRecords.java</file>
            <file>file:/D:/Java/SMS/src/feeCheck.java</file>
            <file>file:/D:/Java/SMS/src/feeFrame.java</file>
            <file>file:/D:/Java/SMS/src/Examdetail.java</file>
            <file>file:/D:/Java/SMS/src/smsGUI.java</file>
            <file>file:/D:/Java/SMS/src/subResult.java</file>
            <file>file:/D:/Java/SMS/src/manage_class.java</file>
            <file>file:/D:/Java/SMS/src/admission.java</file>
            <file>file:/D:/Java/SMS/src/ResultJunior.java</file>
        </group>
    </open-files>
</project-private>
